epoch,train_loss,train_acc,val_loss,val_acc,macro_f1,micro_f1
1,1.083583,0.380488,0.933941,0.727273,0.715825,0.727273
2,0.918399,0.682927,0.767454,0.840909,0.836364,0.840909
3,0.711302,0.858537,0.594082,0.909091,0.907766,0.909091
4,0.582937,0.882927,0.479875,0.909091,0.907766,0.909091
5,0.476339,0.902439,0.406902,0.886364,0.884202,0.886364
6,0.361658,0.921951,0.352860,0.863636,0.863996,0.863636
1,0.917422,0.658497,0.565126,0.847328,0.845991,0.847328
2,0.495235,0.869281,0.355656,0.862595,0.864091,0.862595
3,0.328974,0.882353,0.325498,0.870229,0.871260,0.870229
4,0.250967,0.906863,0.330307,0.854962,0.855894,0.854962
5,0.242424,0.926471,0.383614,0.832061,0.832852,0.832061
6,0.201534,0.928105,0.440440,0.816794,0.817313,0.816794
1,1.098295,0.365854,0.946035,0.659091,0.640580,0.659091
2,0.889793,0.726829,0.772388,0.772727,0.764698,0.772727
3,0.733684,0.848780,0.648118,0.795455,0.792528,0.795455
4,0.595107,0.912195,0.567824,0.840909,0.840385,0.840909
5,0.465195,0.936585,0.476656,0.863636,0.862696,0.863636
6,0.362824,0.917073,0.405044,0.863636,0.863825,0.863636
7,0.262766,0.960976,0.405775,0.863636,0.859409,0.863636
8,0.216016,0.956098,0.402115,0.886364,0.886260,0.886364
9,0.182250,0.960976,0.389782,0.886364,0.885714,0.886364
10,0.159305,0.965854,0.402729,0.863636,0.862696,0.863636
1,1.120439,0.282927,0.992443,0.500000,0.419640,0.500000
2,0.919343,0.721951,0.820934,0.636364,0.624402,0.636364
3,0.723207,0.878049,0.642773,0.727273,0.723563,0.727273
4,0.542418,0.902439,0.520200,0.795455,0.793028,0.795455
5,0.412870,0.936585,0.481764,0.795455,0.787407,0.795455
6,0.316359,0.941463,0.411672,0.840909,0.837328,0.840909
7,0.263956,0.941463,0.428777,0.818182,0.820311,0.818182
8,0.193577,0.956098,0.437026,0.840909,0.843250,0.840909
9,0.183991,0.951220,0.434734,0.840909,0.843250,0.840909
1,1.101671,0.284314,1.105324,0.409091,0.375661,0.409091,0.409091
2,1.087891,0.352941,1.105994,0.409091,0.375661,0.409091,0.409091
3,1.092219,0.382353,1.106747,0.409091,0.375661,0.409091,0.409091
4,1.097467,0.352941,1.101061,0.409091,0.407018,0.409091,0.409091
5,1.071572,0.450980,1.099553,0.409091,0.407018,0.409091,0.409091
6,1.078477,0.411765,1.102768,0.409091,0.407018,0.409091,0.409091
1,1.106695,0.313725,1.092421,0.545455,0.510101,0.545455,0.545455
2,1.103489,0.323529,1.087934,0.454545,0.423776,0.454545,0.454545
3,1.074292,0.421569,1.080185,0.500000,0.479757,0.500000,0.500000
4,1.095411,0.450980,1.068651,0.500000,0.478632,0.500000,0.500000
5,1.071552,0.352941,1.063712,0.454545,0.451068,0.454545,0.454545
6,1.070127,0.401961,1.059824,0.409091,0.409524,0.409091,0.409091
1,1.060408,0.478474,1.000054,0.646119,0.639629,0.646119,0.646119
2,0.979626,0.667319,0.924652,0.730594,0.727773,0.730594,0.730594
3,0.916156,0.743640,0.860927,0.773973,0.772692,0.773973,0.773973
4,0.868236,0.770059,0.811884,0.819635,0.818615,0.819635,0.819635
1,1.092119,0.424390,1.057607,0.500000,0.494009,0.500000,0.500000
2,1.069797,0.478049,1.048777,0.545455,0.542640,0.545455,0.545455
3,1.060876,0.546341,1.038578,0.590909,0.587893,0.590909,0.590909
4,1.054139,0.536585,1.026533,0.590909,0.584402,0.590909,0.590909
5,1.039108,0.590244,1.016641,0.590909,0.590909,0.590909,0.590909
6,1.023350,0.590244,1.006664,0.613636,0.616543,0.613636,0.613636
7,1.022734,0.619512,0.998553,0.659091,0.661111,0.659091,0.659091
8,1.007516,0.648780,0.990276,0.636364,0.635217,0.636364,0.636364
9,0.995767,0.668293,0.981632,0.704545,0.702650,0.704545,0.704545
10,0.990703,0.682927,0.974211,0.704545,0.702650,0.704545,0.704545
11,0.976174,0.668293,0.966547,0.681818,0.677778,0.681818,0.681818
12,0.965617,0.717073,0.960096,0.681818,0.680541,0.681818,0.681818
13,0.962967,0.702439,0.951796,0.681818,0.680541,0.681818,0.681818
14,0.963712,0.643902,0.945564,0.681818,0.677778,0.681818,0.681818
1,1.072368,0.422701,1.021708,0.568493,0.545976,0.568493,0.568493
2,0.992339,0.609100,0.954230,0.689498,0.686103,0.689498,0.689498
1,1.085429,0.396282,1.057579,0.461187,0.440360,0.461187,0.461187
2,1.033668,0.519569,1.012471,0.534247,0.514726,0.534247,0.534247
3,0.996042,0.619374,0.973373,0.593607,0.582456,0.593607,0.593607
4,0.958521,0.677104,0.938732,0.666667,0.658718,0.666667,0.666667
5,0.928854,0.729941,0.906591,0.721461,0.717664,0.721461,0.721461
6,0.899551,0.746575,0.876243,0.753425,0.750307,0.753425,0.753425
7,0.867203,0.780822,0.852540,0.794521,0.790601,0.794521,0.794521
8,0.849443,0.786693,0.828161,0.817352,0.813567,0.817352,0.817352
9,0.829472,0.801370,0.807972,0.835616,0.832772,0.835616,0.835616
10,0.805206,0.816047,0.785274,0.840183,0.837469,0.840183,0.840183
11,0.788596,0.818004,0.767253,0.849315,0.845751,0.849315,0.849315
12,0.769738,0.829746,0.749991,0.858447,0.855156,0.858447,0.858447
13,0.754268,0.816047,0.731109,0.858447,0.855705,0.858447,0.858447
14,0.740797,0.816047,0.714656,0.858447,0.855611,0.858447,0.858447
15,0.723019,0.833659,0.707706,0.858447,0.855611,0.858447,0.858447
1,1.095275,0.418719,1.084795,0.363636,0.348127,0.363636,0.363636
2,1.080320,0.399015,1.074759,0.409091,0.384979,0.409091,0.409091
3,1.081394,0.379310,1.066215,0.454545,0.426225,0.454545,0.454545
4,1.071033,0.472906,1.058394,0.454545,0.435185,0.454545,0.454545
5,1.093081,0.364532,1.049512,0.454545,0.440693,0.454545,0.454545
6,1.074764,0.394089,1.042393,0.477273,0.470310,0.477273,0.477273
7,1.058898,0.512315,1.042929,0.500000,0.495052,0.500000,0.500000
8,1.054289,0.458128,1.039640,0.500000,0.475631,0.500000,0.500000
9,1.046470,0.497537,1.031455,0.545455,0.530684,0.545455,0.545455
10,1.044351,0.507389,1.027283,0.568182,0.541063,0.568182,0.568182
1,1.105182,0.333333,1.130670,0.279070,0.257125,0.279070,0.279070
2,1.111740,0.333333,1.123489,0.348837,0.326684,0.348837,0.348837
3,1.087610,0.414141,1.120685,0.325581,0.317237,0.325581,0.325581
4,1.094442,0.358586,1.117976,0.325581,0.293492,0.325581,0.325581
5,1.085439,0.398990,1.114525,0.325581,0.293492,0.325581,0.325581
6,1.080362,0.459596,1.108749,0.395349,0.360299,0.395349,0.395349
7,1.071040,0.474747,1.101938,0.372093,0.327583,0.372093,0.372093
8,1.070174,0.479798,1.098240,0.395349,0.342220,0.395349,0.395349
9,1.052303,0.505051,1.095054,0.465116,0.408913,0.465116,0.465116
10,1.043543,0.530303,1.088177,0.465116,0.420024,0.465116,0.465116
11,1.043284,0.515152,1.085779,0.465116,0.408237,0.465116,0.465116
12,1.047863,0.500000,1.080820,0.465116,0.408237,0.465116,0.465116
13,1.028388,0.550505,1.072160,0.441860,0.404998,0.441860,0.441860
14,1.031161,0.540404,1.067410,0.465116,0.420024,0.465116,0.465116
1,1.095448,0.414634,1.100008,0.340909,0.315488,0.340909,0.340909
2,1.095816,0.365854,1.093976,0.318182,0.278282,0.318182,0.318182
3,1.095229,0.375610,1.085199,0.340909,0.315488,0.340909,0.340909
4,1.074575,0.404878,1.076654,0.318182,0.284314,0.318182,0.318182
5,1.080985,0.390244,1.068972,0.386364,0.366406,0.386364,0.386364
6,1.060146,0.453659,1.060126,0.454545,0.438498,0.454545,0.454545
7,1.046805,0.502439,1.049568,0.431818,0.416667,0.431818,0.431818
8,1.035316,0.526829,1.039354,0.454545,0.435891,0.454545,0.454545
9,1.045004,0.517073,1.034957,0.477273,0.465538,0.477273,0.477273
10,1.039046,0.580488,1.020604,0.477273,0.465538,0.477273,0.477273
11,1.012390,0.560976,1.015791,0.590909,0.581930,0.590909,0.590909
12,1.005129,0.595122,1.008114,0.545455,0.530166,0.545455,0.545455
13,0.983687,0.678049,0.996399,0.659091,0.652778,0.659091,0.659091
14,0.990261,0.580488,0.990551,0.681818,0.674731,0.681818,0.681818
15,0.996073,0.575610,0.984718,0.681818,0.674731,0.681818,0.681818
1,1.108751,0.336601,1.107028,0.335878,0.300962,0.335878,0.335878
2,1.090867,0.370915,1.091385,0.396947,0.371935,0.396947,0.396947
3,1.075788,0.418301,1.075776,0.412214,0.395418,0.412214,0.412214
4,1.071837,0.424837,1.061691,0.458015,0.444598,0.458015,0.458015
5,1.050405,0.490196,1.048239,0.480916,0.463718,0.480916,0.480916
6,1.036778,0.508170,1.035046,0.496183,0.476353,0.496183,0.496183
7,1.019093,0.545752,1.024667,0.572519,0.565186,0.572519,0.572519
8,1.008869,0.580065,1.007747,0.603053,0.599410,0.603053,0.603053
9,0.995508,0.604575,1.000650,0.625954,0.622138,0.625954,0.625954
10,0.992988,0.596405,0.984018,0.641221,0.636614,0.641221,0.641221
11,0.974017,0.630719,0.973182,0.656489,0.652012,0.656489,0.656489
12,0.967770,0.633987,0.964167,0.671756,0.668679,0.671756,0.671756
13,0.944646,0.700980,0.951112,0.671756,0.670506,0.671756,0.671756
14,0.944952,0.655229,0.945845,0.664122,0.657859,0.664122,0.664122
15,0.926721,0.704248,0.934219,0.687023,0.684770,0.687023,0.687023
16,0.920038,0.718954,0.918682,0.709924,0.707840,0.709924,0.709924
17,0.917078,0.696078,0.914994,0.717557,0.716491,0.717557,0.717557
18,0.909567,0.694444,0.902546,0.740458,0.740009,0.740458,0.740458
19,0.896332,0.723856,0.895042,0.740458,0.739792,0.740458,0.740458
20,0.880078,0.740196,0.887649,0.717557,0.715963,0.717557,0.717557
